[
{
  "model": "golfcourses.address",
  "pk": 1,
  "fields": {
    "address_line_1": "36 Golf Links Road",
    "address_line_2": "",
    "town": "Newcastle Co Down",
    "county": "",
    "postcode": "BT33 0AN"
  }
},
{
  "model": "golfcourses.address",
  "pk": 2,
  "fields": {
    "address_line_1": "W Sands Rd",
    "address_line_2": "",
    "town": "St Andrews",
    "county": "Fife",
    "postcode": "KY16 9XL"
  }
},
{
  "model": "golfcourses.address",
  "pk": 3,
  "fields": {
    "address_line_1": "Turnberry",
    "address_line_2": "",
    "town": "Ayrshire",
    "county": "",
    "postcode": "KA26 9LT"
  }
},
{
  "model": "golfcourses.address",
  "pk": 4,
  "fields": {
    "address_line_1": "Fy",
    "address_line_2": "",
    "town": "sdf",
    "county": "",
    "postcode": "sdf"
  }
},
{
  "model": "golfcourses.address",
  "pk": 5,
  "fields": {
    "address_line_1": "Sunningdale Golf Club",
    "address_line_2": "Ridgemount Road",
    "town": "Sunningdale",
    "county": "Berkshire",
    "postcode": "SL5 9RR"
  }
},
{
  "model": "golfcourses.address",
  "pk": 6,
  "fields": {
    "address_line_1": "Dunluce Road",
    "address_line_2": "",
    "town": "Portrush",
    "county": "County Antrim",
    "postcode": "BT56 8JQ"
  }
},
{
  "model": "golfcourses.course",
  "pk": 1,
  "fields": {
    "name": "Royal County Down (Championship)",
    "number_of_holes": 18,
    "country": "Northern Ireland",
    "phone_number": "+44 (0) 28 4372 3314",
    "website_link": "https://www.royalcountydown.org/",
    "contact_name": "Kevan Whitson (Pro)",
    "year_built": 1889,
    "email_address": "golf@royalcountydown.org",
    "green_fees": "\u00a390 +",
    "ranking": 1,
    "hero_image": "https://royalcountydown.designmode.intelligentgolf.co.uk/images/resources/royalcountydown/new-home-slide-3.jpg",
    "description": "Royal County Down is located in one of the world's most naturally beautiful links settings in the Murlough Nature Reserve. Against the magnificent backdrop of the Mountains of Mourne, the links stretches along the shores of Dundrum Bay, zigzagging back and forth to provide a different vista from virtually every hole.",
    "video_highlight_link": "https://www.youtube.com/embed/0eHMr899v9Y",
    "video_description": "The 2007 Walker Cup was a mismatch on paper but turned out to be one of the best matches in event history.",
    "pro_golfer_img_1": "https://www.bunkered.co.uk/imager/uploads/site/785470/SergioGarcia1_190204_135405_8f8278ec7a6efdee5995c8a312863eb1.jpg",
    "pro_golfer_img_2": "https://static01.nyt.com/images/2019/09/11/sports/11rory/merlin_160626930_18c11988-fb02-43ca-ae70-b32d38427adf-superJumbo.jpg",
    "pro_golfer_1_review": "\"Going by what Rory has been telling me, it could possibly be the best course I play this year\" - Sergio Garcia",
    "pro_golfer_2_review": "\"Great morning golf at Royal County Down. I'm biased but definitely one of the top few courses in the world!\" - Rory McIlroy",
    "course_type": "Links",
    "scorecard": "-",
    "address": 1
  }
},
{
  "model": "golfcourses.course",
  "pk": 2,
  "fields": {
    "name": "St Andrews Old Course",
    "number_of_holes": 18,
    "country": "Scotland",
    "phone_number": "+44 (0)1334 466 666.",
    "website_link": "https://www.standrews.com/",
    "contact_name": "Craig Mackie",
    "year_built": 1552,
    "email_address": "reservations@standrews.com",
    "green_fees": "\u00a395 +",
    "ranking": 2,
    "hero_image": "https://www.linksgolfstandrews.com/wp-content/uploads/2015/10/The-Old-Course-St-Andrews.jpg",
    "description": "St Andrews is regarded as the \"Home of Golf\". The Old Course, believed to be the oldest golf course in the world, dates back more than 600 years. The oldest and most iconic golf course in the world. The Swilcan Bridge and Hell Bunker are recognised across the globe, yet the greatest feature of the Old Course is that despite its grand status it remains a public golf course, open to all.",
    "video_highlight_link": "https://www.youtube.com/embed/Nv0uvz3-2yw",
    "video_description": "Ross Fisher shot a 61 in the final round of the 2017 Alfred Dunhill Links Championship, breaking the Old Course record at St. Andrews.",
    "pro_golfer_img_1": "https://keyassets.timeincuk.net/inspirewp/live/wp-content/uploads/sites/5/2015/07/GettyImages-3347232-630x498.jpg",
    "pro_golfer_img_2": "https://keyassets.timeincuk.net/inspirewp/live/wp-content/uploads/sites/5/2015/07/GettyImages-1021562-630x443.jpg",
    "pro_golfer_1_review": "\u201cI could take out of my life everything except my experiences at St Andrews and I would still have a rich, full life.\u201d - Bobby Jones",
    "pro_golfer_2_review": "\u201cIt may be years before I fully appreciate it, but I am inclined to believe that winning The Open at the Home of Golf is the ultimate achievement in the sport.\u201d - Tiger Woods",
    "course_type": "Links",
    "scorecard": "https://www.standrews.com/SALT9/media/Documents/Old-Course-Scorecard-2020.jpg",
    "address": 2
  }
},
{
  "model": "golfcourses.course",
  "pk": 3,
  "fields": {
    "name": "Trump Turnberry (Ailsa)",
    "number_of_holes": 18,
    "country": "Scotland",
    "phone_number": "01655 334 032",
    "website_link": "https://www.turnberry.co.uk/ailsa-golf-course-scotland",
    "contact_name": "-",
    "year_built": 1906,
    "email_address": "teetimes@trumpturnberry.com",
    "green_fees": "\u00a3100+",
    "ranking": 3,
    "hero_image": "https://images.squarespace-cdn.com/content/v1/5bb4b5bd93a63278971f86e7/1550663407853-U9TLEI4RF93H7E5UMHSJ/ke17ZwdGBToddI8pDm48kMIebV6MdNPQMcRDrC5oPxMUqsxRUqqbr1mOJYKfIPR7LoDQ9mXPOjoJoqy81S2I8N_N4V1vUb5AoIIIbLZhVYxCRW4BPu10St3TBAUQYVKc73FUbOtyHSZLq0696RfXhzOQ1C7e-4RYctpOI87j69--0uIsXqDbvJ5MkV0zcn4f/t",
    "description": "Trump Turnberry is a world renowned bucket list golf destination. Home to the Ailsa course, host of four Open Championships, which is a 7,489 yard, par-71. The Ailsa course is known for its tough opening holes and is demanding for even the most skilled golfers.",
    "video_highlight_link": "https://www.youtube.com/embed/_0ao-M3wx8Y",
    "video_description": "Recap of Tom Watson's battle with Stewart Cink in the Final Round of the 2009 Open Championship",
    "pro_golfer_img_1": "https://media.golfdigest.com/photos/5d2251eae7b56b000825ff6b/master/w_806/tom-watson-british-open-2009-sunday-18th-missed-putt-to-win.jpg",
    "pro_golfer_img_2": "https://secure.i.telegraph.co.uk/multimedia/archive/01446/stewart-cink_1446184c.jpg",
    "pro_golfer_1_review": "\"The thrill of competing is tremendous, and the vibes I felt from those people and my peers during the week at Turnberry will never go away.\" - Tom Watson",
    "pro_golfer_2_review": "\"Winning the Open here in 2009 doesn't get much better\" - Stewart Cink",
    "course_type": "Links",
    "scorecard": "-",
    "address": 3
  }
},
{
  "model": "golfcourses.course",
  "pk": 5,
  "fields": {
    "name": "Sunningdale Golf Club",
    "number_of_holes": 18,
    "country": "England",
    "phone_number": "+44 (0)1344 621681",
    "website_link": "https://www.sunningdale-golfclub.co.uk/",
    "contact_name": "-",
    "year_built": 1900,
    "email_address": "info@sunningdalegolfclub.co.uk",
    "green_fees": "\u00a3275",
    "ranking": 20,
    "hero_image": "https://www.golfholidays.com/images/2000-3226/all-the-sunningdale-golf-clubs-beautiful-golf-course-within-impressive-surrey.jpg",
    "description": "Sunningdale\u2019s Old Course was designed by twice winner of The Open Championship, Willie Park Junior and opened in 1901. The land on which it was constructed belonged to St. John\u2019s College, Cambridge and mainly consisted of heather, gorse and pine trees.",
    "video_highlight_link": "https://www.youtube.com/embed/z-gsy-dUQ7A",
    "video_description": "A golf day at Sunningdale with celebrities",
    "pro_golfer_img_1": "https://cf-images.us-east-1.prod.boltdns.net/v1/static/5502557046001/324cf214-14af-49ee-acb7-0ca76234b655/05e76ce5-2668-4418-8e35-6e117e0fb7e0/1280x720/match/image.jpg",
    "pro_golfer_img_2": "https://specials-images.forbesimg.com/imageserve/1127952930/960x0.jpg?fit=scale",
    "pro_golfer_1_review": "\u201cSome of the American players have not had chance to play courses like Sunningdale before, and I tell them it is how golf should be. It is unique and it brings out the child in you\u201d. - Tom Watson",
    "pro_golfer_2_review": "Greg Norman was a big fan of Sunningdale Golf Club",
    "course_type": "Heather",
    "scorecard": "-",
    "address": 5
  }
},
{
  "model": "golfcourses.course",
  "pk": 6,
  "fields": {
    "name": "Royal Portrush (Dunlace)",
    "number_of_holes": 18,
    "country": "Northern Ireland",
    "phone_number": "028 7082 2311",
    "website_link": "https://www.royalportrushgolfclub.com/",
    "contact_name": "Gary McNeill",
    "year_built": 1888,
    "email_address": "angus@royalportrushgolfclub.com",
    "green_fees": "\u00a3220",
    "ranking": 7,
    "hero_image": "https://www.golf.com/wp-content/uploads/2019/07/royal-portrush-main-960x540.jpg",
    "description": "Legendary, long-standing 18-hole golf course with scenic views, a dress code & a clubhouse. The Dunlace is one of the courses on the rota of the Open Championship and last hosted the tournament in 2019.",
    "video_highlight_link": "https://www.youtube.com/embed/_6wop9ArlvQ",
    "video_description": "The 148th Open Round 4 Highlights from Royal Portrush",
    "pro_golfer_img_1": "-",
    "pro_golfer_img_2": "-",
    "pro_golfer_1_review": "-",
    "pro_golfer_2_review": "-",
    "course_type": "Links",
    "scorecard": "-",
    "address": 6
  }
},
{
  "model": "golfcourses.courseimage",
  "pk": 1,
  "fields": {
    "image": "https://royalcountydown.designmode.intelligentgolf.co.uk/images/resources/royalcountydown/new-home-slide-1.jpg",
    "course": 1
  }
},
{
  "model": "golfcourses.courseimage",
  "pk": 2,
  "fields": {
    "image": "https://royalcountydown.designmode.intelligentgolf.co.uk/images/resources/royalcountydown/new-home-slide-2-large.jpg",
    "course": 1
  }
},
{
  "model": "golfcourses.courseimage",
  "pk": 3,
  "fields": {
    "image": "https://royalcountydown.designmode.intelligentgolf.co.uk/images/resources/royalcountydown/new-home-slide-3.jpg",
    "course": 1
  }
},
{
  "model": "golfcourses.courseimage",
  "pk": 4,
  "fields": {
    "image": "https://royalcountydown.designmode.intelligentgolf.co.uk/images/resources/royalcountydown/new-home-slide-4.jpg",
    "course": 1
  }
},
{
  "model": "golfcourses.courseimage",
  "pk": 5,
  "fields": {
    "image": "https://royalcountydown.designmode.intelligentgolf.co.uk/images/resources/royalcountydown/new-home-slide-5.jpg",
    "course": 1
  }
},
{
  "model": "golfcourses.courseimage",
  "pk": 6,
  "fields": {
    "image": "https://www.faraway-fairways.com/wp-content/uploads/2015/06/KM-COURSE-BANNER-ST-ANDREWS-OLD-17.jpg",
    "course": 2
  }
},
{
  "model": "golfcourses.courseimage",
  "pk": 7,
  "fields": {
    "image": "https://www.muirfieldtravel.com/wp-content/uploads/Scotland_Golf_Greater_St._Andrews_Old_Course.jpg",
    "course": 2
  }
},
{
  "model": "golfcourses.courseimage",
  "pk": 8,
  "fields": {
    "image": "https://www.hiddenlinksgolf.com/wp-content/uploads/2015/09/Photo-2131.jpg",
    "course": 2
  }
},
{
  "model": "golfcourses.courseimage",
  "pk": 9,
  "fields": {
    "image": "https://www.golfscotland.com/uploads/images/item_large/1434363419OCH.jpg",
    "course": 2
  }
},
{
  "model": "golfcourses.courseimage",
  "pk": 10,
  "fields": {
    "image": "https://usa.golfbreaks.com/contentassets/59b28430366f4140bd97e3cecf524f07/st-andrews-old-11th-2902-copy.jpg",
    "course": 2
  }
},
{
  "model": "golfcourses.courseimage",
  "pk": 11,
  "fields": {
    "image": "https://www.turnberry.co.uk/images/dynamic/getImage.gif?ID=100214",
    "course": 3
  }
},
{
  "model": "golfcourses.courseimage",
  "pk": 12,
  "fields": {
    "image": "https://www.turnberry.co.uk/images/dynamic/getImage.gif?ID=100215",
    "course": 3
  }
},
{
  "model": "golfcourses.courseimage",
  "pk": 13,
  "fields": {
    "image": "https://www.turnberry.co.uk/images/dynamic/getImage.gif?ID=100213",
    "course": 3
  }
},
{
  "model": "golfcourses.courseimage",
  "pk": 14,
  "fields": {
    "image": "https://www.turnberry.co.uk/images/dynamic/getImage.gif?ID=100488",
    "course": 3
  }
},
{
  "model": "golfcourses.courseimage",
  "pk": 15,
  "fields": {
    "image": "https://www.golfboo.com/sites/default/files/styles/612x372/public/campos_golf_images/153017/sunningdale_golf_club_0.jpg",
    "course": 5
  }
},
{
  "model": "golfcourses.courseimage",
  "pk": 16,
  "fields": {
    "image": "https://lh3.googleusercontent.com/proxy/R1UIvUfstjFVRel3sTBL2KtP7mS3ECqGqVFulc2cO4fjeuDj6iU7BJEYy_vRijz-kB5t2TNxRK-Lg7ckvtCcvIVEorb3gBdg1HaeWgD-RaSNRTXxRw",
    "course": 5
  }
},
{
  "model": "golfcourses.courseimage",
  "pk": 19,
  "fields": {
    "image": "https://golfadvisor.brightspotcdn.com/dims4/default/2142d53/2147483647/strip/true/crop/587x379+181+0/resize/930x600!/quality/90/?url=https%3A%2F%2Fgolfadvisor.brightspotcdn.com%2Fac%2F62%2Fd01fcf5c0d3da4ed3d4e741492db%2F23681.jpg",
    "course": 5
  }
},
{
  "model": "golfcourses.courseimage",
  "pk": 20,
  "fields": {
    "image": "https://golfadvisor.brightspotcdn.com/dims4/default/5cdbfb3/2147483647/strip/true/crop/899x580+0+10/resize/930x600!/quality/90/?url=https%3A%2F%2Fgolfadvisor.brightspotcdn.com%2F23%2F0e%2F92c8dff817c502848d13a1464967%2F68090.jpg",
    "course": 5
  }
},
{
  "model": "golfcourses.hole",
  "pk": 1,
  "fields": {
    "number": 1,
    "video": "https://www.royalcountydown.org/championship_1",
    "hole_graph": "",
    "bunkers": 5,
    "Mens_Par": 5,
    "Mens_SI": 13,
    "Ladies_Par": 5,
    "Ladies_SI": 13,
    "course": 1
  }
},
{
  "model": "golfcourses.hole",
  "pk": 2,
  "fields": {
    "number": 2,
    "video": "https://www.royalcountydown.org/championship_2",
    "hole_graph": "",
    "bunkers": 6,
    "Mens_Par": 4,
    "Mens_SI": 9,
    "Ladies_Par": 5,
    "Ladies_SI": 13,
    "course": 1
  }
},
{
  "model": "golfcourses.hole",
  "pk": 3,
  "fields": {
    "number": 3,
    "video": "https://www.royalcountydown.org/championship_3",
    "hole_graph": "",
    "bunkers": 10,
    "Mens_Par": 4,
    "Mens_SI": 3,
    "Ladies_Par": 5,
    "Ladies_SI": 9,
    "course": 1
  }
},
{
  "model": "golfcourses.hole",
  "pk": 4,
  "fields": {
    "number": 4,
    "video": "https://www.royalcountydown.org/championship_4",
    "hole_graph": "",
    "bunkers": 7,
    "Mens_Par": 3,
    "Mens_SI": 15,
    "Ladies_Par": 3,
    "Ladies_SI": 15,
    "course": 1
  }
},
{
  "model": "golfcourses.hole",
  "pk": 5,
  "fields": {
    "number": 5,
    "video": "https://www.royalcountydown.org/championship_5",
    "hole_graph": "",
    "bunkers": 9,
    "Mens_Par": 4,
    "Mens_SI": 7,
    "Ladies_Par": 4,
    "Ladies_SI": 7,
    "course": 1
  }
},
{
  "model": "golfcourses.hole",
  "pk": 6,
  "fields": {
    "number": 6,
    "video": "https://www.royalcountydown.org/championship_6",
    "hole_graph": "",
    "bunkers": 4,
    "Mens_Par": 4,
    "Mens_SI": 11,
    "Ladies_Par": 4,
    "Ladies_SI": 1,
    "course": 1
  }
},
{
  "model": "golfcourses.hole",
  "pk": 7,
  "fields": {
    "number": 7,
    "video": "https://www.royalcountydown.org/championship_7",
    "hole_graph": "",
    "bunkers": 3,
    "Mens_Par": 3,
    "Mens_SI": 17,
    "Ladies_Par": 3,
    "Ladies_SI": 17,
    "course": 1
  }
},
{
  "model": "golfcourses.hole",
  "pk": 8,
  "fields": {
    "number": 8,
    "video": "https://www.royalcountydown.org/championship_8",
    "hole_graph": "",
    "bunkers": 5,
    "Mens_Par": 4,
    "Mens_SI": 1,
    "Ladies_Par": 5,
    "Ladies_SI": 5,
    "course": 1
  }
},
{
  "model": "golfcourses.hole",
  "pk": 9,
  "fields": {
    "number": 9,
    "video": "https://www.royalcountydown.org/championship_9",
    "hole_graph": "",
    "bunkers": 5,
    "Mens_Par": 4,
    "Mens_SI": 5,
    "Ladies_Par": 5,
    "Ladies_SI": 11,
    "course": 1
  }
},
{
  "model": "golfcourses.hole",
  "pk": 10,
  "fields": {
    "number": 10,
    "video": "https://www.royalcountydown.org/championship_10",
    "hole_graph": "",
    "bunkers": 4,
    "Mens_Par": 3,
    "Mens_SI": 18,
    "Ladies_Par": 3,
    "Ladies_SI": 16,
    "course": 1
  }
},
{
  "model": "golfcourses.hole",
  "pk": 11,
  "fields": {
    "number": 11,
    "video": "https://www.royalcountydown.org/championship_11",
    "hole_graph": "",
    "bunkers": 5,
    "Mens_Par": 4,
    "Mens_SI": 8,
    "Ladies_Par": 4,
    "Ladies_SI": 2,
    "course": 1
  }
},
{
  "model": "golfcourses.hole",
  "pk": 12,
  "fields": {
    "number": 12,
    "video": "https://www.royalcountydown.org/championship_12",
    "hole_graph": "",
    "bunkers": 6,
    "Mens_Par": 5,
    "Mens_SI": 16,
    "Ladies_Par": 5,
    "Ladies_SI": 8,
    "course": 1
  }
},
{
  "model": "golfcourses.hole",
  "pk": 13,
  "fields": {
    "number": 13,
    "video": "https://www.royalcountydown.org/championship_13",
    "hole_graph": "",
    "bunkers": 6,
    "Mens_Par": 4,
    "Mens_SI": 2,
    "Ladies_Par": 5,
    "Ladies_SI": 12,
    "course": 1
  }
},
{
  "model": "golfcourses.hole",
  "pk": 14,
  "fields": {
    "number": 14,
    "video": "https://www.royalcountydown.org/championship_14",
    "hole_graph": "",
    "bunkers": 3,
    "Mens_Par": 3,
    "Mens_SI": 12,
    "Ladies_Par": 3,
    "Ladies_SI": 14,
    "course": 1
  }
},
{
  "model": "golfcourses.hole",
  "pk": 15,
  "fields": {
    "number": 15,
    "video": "https://www.royalcountydown.org/championship_15",
    "hole_graph": "",
    "bunkers": 3,
    "Mens_Par": 4,
    "Mens_SI": 4,
    "Ladies_Par": 5,
    "Ladies_SI": 4,
    "course": 1
  }
},
{
  "model": "golfcourses.hole",
  "pk": 16,
  "fields": {
    "number": 16,
    "video": "https://www.royalcountydown.org/championship_16",
    "hole_graph": "",
    "bunkers": 5,
    "Mens_Par": 4,
    "Mens_SI": 14,
    "Ladies_Par": 4,
    "Ladies_SI": 18,
    "course": 1
  }
},
{
  "model": "golfcourses.hole",
  "pk": 17,
  "fields": {
    "number": 17,
    "video": "https://www.royalcountydown.org/championship_17",
    "hole_graph": "",
    "bunkers": 8,
    "Mens_Par": 4,
    "Mens_SI": 10,
    "Ladies_Par": 4,
    "Ladies_SI": 6,
    "course": 1
  }
},
{
  "model": "golfcourses.hole",
  "pk": 18,
  "fields": {
    "number": 18,
    "video": "https://www.royalcountydown.org/championship_18",
    "hole_graph": "",
    "bunkers": 17,
    "Mens_Par": 5,
    "Mens_SI": 6,
    "Ladies_Par": 5,
    "Ladies_SI": 10,
    "course": 1
  }
},
{
  "model": "golfcourses.hole",
  "pk": 19,
  "fields": {
    "number": 1,
    "video": "https://www.youtube.com/embed/WTayV_552Gw",
    "hole_graph": "https://www.standrews.com/SALT9/media/2020-Course-Guides/Old%20Course/OLD-COURSE1-(Custom).png?ext=.png",
    "bunkers": 0,
    "Mens_Par": 4,
    "Mens_SI": 10,
    "Ladies_Par": 4,
    "Ladies_SI": 12,
    "course": 2
  }
},
{
  "model": "golfcourses.hole",
  "pk": 20,
  "fields": {
    "number": 2,
    "video": "https://www.youtube.com/embed/2T6Jsn8MLLQ",
    "hole_graph": "https://www.standrews.com/SALT9/media/2020-Course-Guides/Old%20Course/OLD-COURSE2-(Custom).png?ext=.png",
    "bunkers": 9,
    "Mens_Par": 5,
    "Mens_SI": 6,
    "Ladies_Par": 5,
    "Ladies_SI": 14,
    "course": 2
  }
},
{
  "model": "golfcourses.hole",
  "pk": 21,
  "fields": {
    "number": 3,
    "video": "https://www.youtube.com/embed/o5NBIXnbRks",
    "hole_graph": "https://www.standrews.com/SALT9/media/2020-Course-Guides/Old%20Course/OLD-COURSE3-(Custom).png?ext=.png",
    "bunkers": 7,
    "Mens_Par": 4,
    "Mens_SI": 16,
    "Ladies_Par": 4,
    "Ladies_SI": 8,
    "course": 2
  }
},
{
  "model": "golfcourses.hole",
  "pk": 22,
  "fields": {
    "number": 4,
    "video": "https://www.youtube.com/embed/tnILwQqZB4I",
    "hole_graph": "https://www.standrews.com/SALT9/media/2020-Course-Guides/Old%20Course/OLD-COURSE4-(Custom).png?ext=.png",
    "bunkers": 9,
    "Mens_Par": 4,
    "Mens_SI": 8,
    "Ladies_Par": 5,
    "Ladies_SI": 6,
    "course": 2
  }
},
{
  "model": "golfcourses.hole",
  "pk": 23,
  "fields": {
    "number": 5,
    "video": "https://www.youtube.com/embed/RhCuZLfjqag",
    "hole_graph": "https://www.standrews.com/SALT9/media/2020-Course-Guides/Old%20Course/OLD-COURSE5-(Custom).png?ext=.png",
    "bunkers": 12,
    "Mens_Par": 5,
    "Mens_SI": 2,
    "Ladies_Par": 5,
    "Ladies_SI": 2,
    "course": 2
  }
},
{
  "model": "golfcourses.hole",
  "pk": 24,
  "fields": {
    "number": 6,
    "video": "https://www.youtube.com/embed/447FrltkCjc",
    "hole_graph": "https://www.standrews.com/SALT9/media/2020-Course-Guides/Old%20Course/OLD-COURSE6-(Custom).png?ext=.png",
    "bunkers": 10,
    "Mens_Par": 4,
    "Mens_SI": 12,
    "Ladies_Par": 4,
    "Ladies_SI": 10,
    "course": 2
  }
},
{
  "model": "golfcourses.hole",
  "pk": 25,
  "fields": {
    "number": 7,
    "video": "https://www.youtube.com/embed/KfhOHj8smGo",
    "hole_graph": "https://www.standrews.com/SALT9/media/2020-Course-Guides/Old%20Course/OLD-COURSE7-(Custom).png?ext=.png",
    "bunkers": 6,
    "Mens_Par": 4,
    "Mens_SI": 4,
    "Ladies_Par": 4,
    "Ladies_SI": 4,
    "course": 2
  }
},
{
  "model": "golfcourses.hole",
  "pk": 26,
  "fields": {
    "number": 8,
    "video": "https://www.youtube.com/embed/9Xl7YiTcr38",
    "hole_graph": "https://www.standrews.com/SALT9/media/2020-Course-Guides/Old%20Course/OLD-COURSE8-(Custom).png?ext=.png",
    "bunkers": 3,
    "Mens_Par": 3,
    "Mens_SI": 14,
    "Ladies_Par": 3,
    "Ladies_SI": 18,
    "course": 2
  }
},
{
  "model": "golfcourses.hole",
  "pk": 27,
  "fields": {
    "number": 9,
    "video": "https://www.youtube.com/embed/0mPZ8gRtUQE",
    "hole_graph": "https://www.standrews.com/SALT9/media/2020-Course-Guides/Old%20Course/OLD-COURSE9-(Custom).png?ext=.png",
    "bunkers": 11,
    "Mens_Par": 4,
    "Mens_SI": 18,
    "Ladies_Par": 4,
    "Ladies_SI": 16,
    "course": 2
  }
},
{
  "model": "golfcourses.hole",
  "pk": 28,
  "fields": {
    "number": 10,
    "video": "https://www.youtube.com/embed/SPpnWqsREXw",
    "hole_graph": "https://www.standrews.com/SALT9/media/2020-Course-Guides/Old%20Course/OLD-COURSE10-(Custom).png?ext=.png",
    "bunkers": 10,
    "Mens_Par": 4,
    "Mens_SI": 15,
    "Ladies_Par": 4,
    "Ladies_SI": 13,
    "course": 2
  }
},
{
  "model": "golfcourses.hole",
  "pk": 29,
  "fields": {
    "number": 11,
    "video": "https://www.youtube.com/embed/DmWFDsY8XN0",
    "hole_graph": "https://www.standrews.com/SALT9/media/2020-Course-Guides/Old%20Course/OLD-COURSE11-(Custom).png?ext=.png",
    "bunkers": 6,
    "Mens_Par": 3,
    "Mens_SI": 7,
    "Ladies_Par": 3,
    "Ladies_SI": 17,
    "course": 2
  }
},
{
  "model": "golfcourses.hole",
  "pk": 30,
  "fields": {
    "number": 12,
    "video": "https://www.youtube.com/embed/IMfl6EL48wo",
    "hole_graph": "https://www.standrews.com/SALT9/media/2020-Course-Guides/Old%20Course/OLD-COURSE12-(Custom).png?ext=.png",
    "bunkers": 6,
    "Mens_Par": 4,
    "Mens_SI": 3,
    "Ladies_Par": 4,
    "Ladies_SI": 3,
    "course": 2
  }
},
{
  "model": "golfcourses.hole",
  "pk": 31,
  "fields": {
    "number": 13,
    "video": "https://www.youtube.com/embed/xW2zC2Oqj6Q",
    "hole_graph": "https://www.standrews.com/SALT9/media/2020-Course-Guides/Old%20Course/OLD-COURSE13-(Custom).png?ext=.png",
    "bunkers": 7,
    "Mens_Par": 4,
    "Mens_SI": 11,
    "Ladies_Par": 5,
    "Ladies_SI": 11,
    "course": 2
  }
},
{
  "model": "golfcourses.hole",
  "pk": 32,
  "fields": {
    "number": 14,
    "video": "https://www.youtube.com/embed/HtXoNYBU7PU",
    "hole_graph": "https://www.standrews.com/SALT9/media/2020-Course-Guides/Old%20Course/OLD-COURSE14-(Custom).png?ext=.png",
    "bunkers": 12,
    "Mens_Par": 5,
    "Mens_SI": 1,
    "Ladies_Par": 5,
    "Ladies_SI": 1,
    "course": 2
  }
},
{
  "model": "golfcourses.hole",
  "pk": 33,
  "fields": {
    "number": 15,
    "video": "https://www.youtube.com/embed/3zIKTeQf8Dw",
    "hole_graph": "https://www.standrews.com/SALT9/media/2020-Course-Guides/Old%20Course/OLD-COURSE15-(Custom).png?ext=.png",
    "bunkers": 6,
    "Mens_Par": 4,
    "Mens_SI": 9,
    "Ladies_Par": 4,
    "Ladies_SI": 5,
    "course": 2
  }
},
{
  "model": "golfcourses.hole",
  "pk": 34,
  "fields": {
    "number": 16,
    "video": "https://www.youtube.com/embed/4gKkNqSt1l0",
    "hole_graph": "https://www.standrews.com/SALT9/media/2020-Course-Guides/Old%20Course/OLD-COURSE16-(Custom).png?ext=.png",
    "bunkers": 5,
    "Mens_Par": 4,
    "Mens_SI": 13,
    "Ladies_Par": 4,
    "Ladies_SI": 9,
    "course": 2
  }
},
{
  "model": "golfcourses.hole",
  "pk": 35,
  "fields": {
    "number": 17,
    "video": "https://www.youtube.com/embed/t0xMWmIXxrA",
    "hole_graph": "https://www.standrews.com/SALT9/media/2020-Course-Guides/Old%20Course/OLD-COURSE17-(Custom).png?ext=.png",
    "bunkers": 3,
    "Mens_Par": 4,
    "Mens_SI": 5,
    "Ladies_Par": 5,
    "Ladies_SI": 7,
    "course": 2
  }
},
{
  "model": "golfcourses.hole",
  "pk": 36,
  "fields": {
    "number": 18,
    "video": "https://www.youtube.com/embed/zfInkbKXhxs",
    "hole_graph": "https://www.standrews.com/SALT9/media/2020-Course-Guides/Old%20Course/OLD-COURSE17-(Custom).png?ext=.png",
    "bunkers": 0,
    "Mens_Par": 4,
    "Mens_SI": 17,
    "Ladies_Par": 4,
    "Ladies_SI": 15,
    "course": 2
  }
},
{
  "model": "golfcourses.hole",
  "pk": 37,
  "fields": {
    "number": 1,
    "video": "https://www.youtube.com/embed/AsT3uPJfMAY",
    "hole_graph": "https://www.turnberry.co.uk/images/dynamic/getImage.gif?ID=100380",
    "bunkers": 7,
    "Mens_Par": 4,
    "Mens_SI": 6,
    "Ladies_Par": 4,
    "Ladies_SI": 6,
    "course": 3
  }
},
{
  "model": "golfcourses.hole",
  "pk": 38,
  "fields": {
    "number": 2,
    "video": "https://www.youtube.com/embed/1cnhZtcPcyg",
    "hole_graph": "https://www.turnberry.co.uk/images/dynamic/getImage.gif?ID=100381",
    "bunkers": 6,
    "Mens_Par": 4,
    "Mens_SI": 10,
    "Ladies_Par": 4,
    "Ladies_SI": 10,
    "course": 3
  }
},
{
  "model": "golfcourses.hole",
  "pk": 39,
  "fields": {
    "number": 3,
    "video": "https://www.youtube.com/embed/cgf1E6wFFME",
    "hole_graph": "https://www.turnberry.co.uk/images/dynamic/getImage.gif?ID=100382",
    "bunkers": 4,
    "Mens_Par": 4,
    "Mens_SI": 4,
    "Ladies_Par": 4,
    "Ladies_SI": 4,
    "course": 3
  }
},
{
  "model": "golfcourses.hole",
  "pk": 40,
  "fields": {
    "number": 4,
    "video": "https://www.youtube.com/embed/DVhXb5djr-0",
    "hole_graph": "https://www.turnberry.co.uk/images/dynamic/getImage.gif?ID=100383",
    "bunkers": 2,
    "Mens_Par": 3,
    "Mens_SI": 16,
    "Ladies_Par": 3,
    "Ladies_SI": 16,
    "course": 3
  }
},
{
  "model": "golfcourses.hole",
  "pk": 41,
  "fields": {
    "number": 5,
    "video": "https://www.youtube.com/embed/22asqih9DGY",
    "hole_graph": "https://www.turnberry.co.uk/images/dynamic/getImage.gif?ID=100384",
    "bunkers": 10,
    "Mens_Par": 5,
    "Mens_SI": 8,
    "Ladies_Par": 5,
    "Ladies_SI": 8,
    "course": 3
  }
},
{
  "model": "golfcourses.hole",
  "pk": 42,
  "fields": {
    "number": 6,
    "video": "https://www.youtube.com/embed/GGZgrT0nVSo",
    "hole_graph": "https://www.turnberry.co.uk/images/dynamic/getImage.gif?ID=100385",
    "bunkers": 3,
    "Mens_Par": 3,
    "Mens_SI": 18,
    "Ladies_Par": 3,
    "Ladies_SI": 18,
    "course": 3
  }
},
{
  "model": "golfcourses.hole",
  "pk": 43,
  "fields": {
    "number": 7,
    "video": "https://www.youtube.com/embed/6o8-crIwv5I",
    "hole_graph": "https://www.turnberry.co.uk/images/dynamic/getImage.gif?ID=100386",
    "bunkers": 6,
    "Mens_Par": 5,
    "Mens_SI": 12,
    "Ladies_Par": 5,
    "Ladies_SI": 12,
    "course": 3
  }
},
{
  "model": "golfcourses.hole",
  "pk": 44,
  "fields": {
    "number": 8,
    "video": "https://www.youtube.com/embed/L1Am4Opp8Xg",
    "hole_graph": "https://www.turnberry.co.uk/images/dynamic/getImage.gif?ID=100387",
    "bunkers": 4,
    "Mens_Par": 4,
    "Mens_SI": 2,
    "Ladies_Par": 5,
    "Ladies_SI": 2,
    "course": 3
  }
},
{
  "model": "golfcourses.hole",
  "pk": 45,
  "fields": {
    "number": 9,
    "video": "https://www.youtube.com/embed/ovwo7_aKXwM",
    "hole_graph": "https://www.turnberry.co.uk/images/dynamic/getImage.gif?ID=100388",
    "bunkers": 3,
    "Mens_Par": 3,
    "Mens_SI": 14,
    "Ladies_Par": 3,
    "Ladies_SI": 14,
    "course": 3
  }
},
{
  "model": "golfcourses.hole",
  "pk": 46,
  "fields": {
    "number": 10,
    "video": "https://www.youtube.com/embed/qL4Uf9SKZ4c",
    "hole_graph": "https://www.turnberry.co.uk/images/dynamic/getImage.gif?ID=100389",
    "bunkers": 4,
    "Mens_Par": 5,
    "Mens_SI": 9,
    "Ladies_Par": 5,
    "Ladies_SI": 9,
    "course": 3
  }
},
{
  "model": "golfcourses.hole",
  "pk": 47,
  "fields": {
    "number": 11,
    "video": "https://www.youtube.com/embed/EyhOCPPGF8Y",
    "hole_graph": "https://www.turnberry.co.uk/images/dynamic/getImage.gif?ID=100390",
    "bunkers": 1,
    "Mens_Par": 3,
    "Mens_SI": 15,
    "Ladies_Par": 3,
    "Ladies_SI": 15,
    "course": 3
  }
},
{
  "model": "golfcourses.hole",
  "pk": 48,
  "fields": {
    "number": 12,
    "video": "https://www.youtube.com/embed/PJ2H9cSRgBM",
    "hole_graph": "https://www.turnberry.co.uk/images/dynamic/getImage.gif?ID=100391",
    "bunkers": 7,
    "Mens_Par": 4,
    "Mens_SI": 3,
    "Ladies_Par": 4,
    "Ladies_SI": 3,
    "course": 3
  }
},
{
  "model": "golfcourses.hole",
  "pk": 49,
  "fields": {
    "number": 13,
    "video": "https://www.youtube.com/embed/QMsPc4nZK5s",
    "hole_graph": "https://www.turnberry.co.uk/images/dynamic/getImage.gif?ID=100374",
    "bunkers": 5,
    "Mens_Par": 4,
    "Mens_SI": 13,
    "Ladies_Par": 4,
    "Ladies_SI": 13,
    "course": 3
  }
},
{
  "model": "golfcourses.hole",
  "pk": 50,
  "fields": {
    "number": 14,
    "video": "https://www.youtube.com/embed/8RBuBCAX-CE",
    "hole_graph": "https://www.turnberry.co.uk/images/dynamic/getImage.gif?ID=100375",
    "bunkers": 5,
    "Mens_Par": 5,
    "Mens_SI": 11,
    "Ladies_Par": 5,
    "Ladies_SI": 11,
    "course": 3
  }
},
{
  "model": "golfcourses.hole",
  "pk": 51,
  "fields": {
    "number": 15,
    "video": "https://www.youtube.com/embed/p_DHO2c7-mg",
    "hole_graph": "https://www.turnberry.co.uk/images/dynamic/getImage.gif?ID=100376",
    "bunkers": 3,
    "Mens_Par": 3,
    "Mens_SI": 17,
    "Ladies_Par": 3,
    "Ladies_SI": 17,
    "course": 3
  }
},
{
  "model": "golfcourses.hole",
  "pk": 52,
  "fields": {
    "number": 16,
    "video": "https://www.youtube.com/embed/mf1ot3jxYyk",
    "hole_graph": "https://www.turnberry.co.uk/images/dynamic/getImage.gif?ID=100377",
    "bunkers": 3,
    "Mens_Par": 4,
    "Mens_SI": 1,
    "Ladies_Par": 5,
    "Ladies_SI": 1,
    "course": 3
  }
},
{
  "model": "golfcourses.hole",
  "pk": 53,
  "fields": {
    "number": 17,
    "video": "https://www.youtube.com/embed/DxGazUR3MY8",
    "hole_graph": "https://www.turnberry.co.uk/images/dynamic/getImage.gif?ID=100378",
    "bunkers": 3,
    "Mens_Par": 4,
    "Mens_SI": 5,
    "Ladies_Par": 4,
    "Ladies_SI": 5,
    "course": 3
  }
},
{
  "model": "golfcourses.hole",
  "pk": 54,
  "fields": {
    "number": 18,
    "video": "https://www.youtube.com/embed/xfSeWRyg5H4",
    "hole_graph": "https://www.turnberry.co.uk/images/dynamic/getImage.gif?ID=100379",
    "bunkers": 6,
    "Mens_Par": 4,
    "Mens_SI": 7,
    "Ladies_Par": 4,
    "Ladies_SI": 7,
    "course": 3
  }
},
{
  "model": "golfcourses.hole",
  "pk": 55,
  "fields": {
    "number": 1,
    "video": "",
    "hole_graph": "",
    "bunkers": 0,
    "Mens_Par": 5,
    "Mens_SI": 8,
    "Ladies_Par": 5,
    "Ladies_SI": 9,
    "course": 5
  }
},
{
  "model": "golfcourses.hole",
  "pk": 56,
  "fields": {
    "number": 2,
    "video": "",
    "hole_graph": "",
    "bunkers": 0,
    "Mens_Par": 4,
    "Mens_SI": 4,
    "Ladies_Par": 5,
    "Ladies_SI": 4,
    "course": 5
  }
},
{
  "model": "golfcourses.hole",
  "pk": 57,
  "fields": {
    "number": 3,
    "video": "",
    "hole_graph": "",
    "bunkers": 5,
    "Mens_Par": 4,
    "Mens_SI": 12,
    "Ladies_Par": 4,
    "Ladies_SI": 14,
    "course": 5
  }
},
{
  "model": "golfcourses.hole",
  "pk": 58,
  "fields": {
    "number": 4,
    "video": "",
    "hole_graph": "",
    "bunkers": 3,
    "Mens_Par": 3,
    "Mens_SI": 16,
    "Ladies_Par": 3,
    "Ladies_SI": 16,
    "course": 5
  }
},
{
  "model": "golfcourses.hole",
  "pk": 59,
  "fields": {
    "number": 5,
    "video": "",
    "hole_graph": "",
    "bunkers": 0,
    "Mens_Par": 4,
    "Mens_SI": 2,
    "Ladies_Par": 4,
    "Ladies_SI": 2,
    "course": 5
  }
},
{
  "model": "golfcourses.hole",
  "pk": 60,
  "fields": {
    "number": 6,
    "video": "",
    "hole_graph": "",
    "bunkers": 0,
    "Mens_Par": 4,
    "Mens_SI": 10,
    "Ladies_Par": 4,
    "Ladies_SI": 16,
    "course": 5
  }
},
{
  "model": "golfcourses.hole",
  "pk": 61,
  "fields": {
    "number": 7,
    "video": "",
    "hole_graph": "",
    "bunkers": 0,
    "Mens_Par": 4,
    "Mens_SI": 6,
    "Ladies_Par": 4,
    "Ladies_SI": 6,
    "course": 5
  }
},
{
  "model": "golfcourses.hole",
  "pk": 62,
  "fields": {
    "number": 8,
    "video": "",
    "hole_graph": "",
    "bunkers": 0,
    "Mens_Par": 3,
    "Mens_SI": 18,
    "Ladies_Par": 3,
    "Ladies_SI": 18,
    "course": 5
  }
},
{
  "model": "golfcourses.hole",
  "pk": 63,
  "fields": {
    "number": 9,
    "video": "",
    "hole_graph": "",
    "bunkers": 0,
    "Mens_Par": 4,
    "Mens_SI": 14,
    "Ladies_Par": 4,
    "Ladies_SI": 8,
    "course": 5
  }
},
{
  "model": "golfcourses.hole",
  "pk": 64,
  "fields": {
    "number": 10,
    "video": "",
    "hole_graph": "",
    "bunkers": 0,
    "Mens_Par": 4,
    "Mens_SI": 7,
    "Ladies_Par": 5,
    "Ladies_SI": 7,
    "course": 5
  }
},
{
  "model": "golfcourses.hole",
  "pk": 65,
  "fields": {
    "number": 11,
    "video": "",
    "hole_graph": "",
    "bunkers": 0,
    "Mens_Par": 4,
    "Mens_SI": 15,
    "Ladies_Par": 4,
    "Ladies_SI": 15,
    "course": 5
  }
},
{
  "model": "golfcourses.hole",
  "pk": 66,
  "fields": {
    "number": 12,
    "video": "",
    "hole_graph": "",
    "bunkers": 0,
    "Mens_Par": 4,
    "Mens_SI": 1,
    "Ladies_Par": 5,
    "Ladies_SI": 1,
    "course": 5
  }
},
{
  "model": "golfcourses.hole",
  "pk": 67,
  "fields": {
    "number": 13,
    "video": "",
    "hole_graph": "",
    "bunkers": 0,
    "Mens_Par": 3,
    "Mens_SI": 17,
    "Ladies_Par": 3,
    "Ladies_SI": 17,
    "course": 5
  }
},
{
  "model": "golfcourses.hole",
  "pk": 68,
  "fields": {
    "number": 14,
    "video": "",
    "hole_graph": "",
    "bunkers": 0,
    "Mens_Par": 5,
    "Mens_SI": 5,
    "Ladies_Par": 5,
    "Ladies_SI": 3,
    "course": 5
  }
},
{
  "model": "golfcourses.hole",
  "pk": 69,
  "fields": {
    "number": 15,
    "video": "",
    "hole_graph": "",
    "bunkers": 0,
    "Mens_Par": 3,
    "Mens_SI": 11,
    "Ladies_Par": 3,
    "Ladies_SI": 12,
    "course": 5
  }
},
{
  "model": "golfcourses.hole",
  "pk": 70,
  "fields": {
    "number": 16,
    "video": "",
    "hole_graph": "",
    "bunkers": 0,
    "Mens_Par": 4,
    "Mens_SI": 3,
    "Ladies_Par": 4,
    "Ladies_SI": 5,
    "course": 5
  }
},
{
  "model": "golfcourses.hole",
  "pk": 71,
  "fields": {
    "number": 17,
    "video": "",
    "hole_graph": "",
    "bunkers": 0,
    "Mens_Par": 4,
    "Mens_SI": 13,
    "Ladies_Par": 4,
    "Ladies_SI": 5,
    "course": 5
  }
},
{
  "model": "golfcourses.hole",
  "pk": 72,
  "fields": {
    "number": 18,
    "video": "",
    "hole_graph": "",
    "bunkers": 0,
    "Mens_Par": 4,
    "Mens_SI": 9,
    "Ladies_Par": 5,
    "Ladies_SI": 13,
    "course": 5
  }
},
{
  "model": "golfcourses.holeteebox",
  "pk": 2,
  "fields": {
    "teeboxtype": "Championship",
    "color": "White",
    "length": 523,
    "hole": 1
  }
},
{
  "model": "golfcourses.holeteebox",
  "pk": 3,
  "fields": {
    "teeboxtype": "Men's",
    "color": "Yellow",
    "length": 503,
    "hole": 1
  }
},
{
  "model": "golfcourses.holeteebox",
  "pk": 4,
  "fields": {
    "teeboxtype": "Ladies",
    "color": "Red",
    "length": 483,
    "hole": 1
  }
},
{
  "model": "golfcourses.holeteebox",
  "pk": 5,
  "fields": {
    "teeboxtype": "Championship",
    "color": "White",
    "length": 424,
    "hole": 2
  }
},
{
  "model": "golfcourses.holeteebox",
  "pk": 6,
  "fields": {
    "teeboxtype": "Men's",
    "color": "Yellow",
    "length": 387,
    "hole": 2
  }
},
{
  "model": "golfcourses.holeteebox",
  "pk": 7,
  "fields": {
    "teeboxtype": "Ladies",
    "color": "Red",
    "length": 344,
    "hole": 2
  }
},
{
  "model": "golfcourses.holeteebox",
  "pk": 8,
  "fields": {
    "teeboxtype": "Championship",
    "color": "White",
    "length": 475,
    "hole": 3
  }
},
{
  "model": "golfcourses.holeteebox",
  "pk": 9,
  "fields": {
    "teeboxtype": "Men's",
    "color": "Yellow",
    "length": 455,
    "hole": 3
  }
},
{
  "model": "golfcourses.holeteebox",
  "pk": 10,
  "fields": {
    "teeboxtype": "Ladies",
    "color": "Red",
    "length": 423,
    "hole": 3
  }
},
{
  "model": "golfcourses.holeteebox",
  "pk": 11,
  "fields": {
    "teeboxtype": "Championship",
    "color": "White",
    "length": 215,
    "hole": 4
  }
},
{
  "model": "golfcourses.holeteebox",
  "pk": 12,
  "fields": {
    "teeboxtype": "Men's",
    "color": "Yellow",
    "length": 202,
    "hole": 4
  }
},
{
  "model": "golfcourses.holeteebox",
  "pk": 13,
  "fields": {
    "teeboxtype": "Ladies",
    "color": "Red",
    "length": 159,
    "hole": 4
  }
},
{
  "model": "golfcourses.holeteebox",
  "pk": 14,
  "fields": {
    "teeboxtype": "Championship",
    "color": "White",
    "length": 429,
    "hole": 5
  }
},
{
  "model": "golfcourses.holeteebox",
  "pk": 15,
  "fields": {
    "teeboxtype": "Men's",
    "color": "Yellow",
    "length": 419,
    "hole": 5
  }
},
{
  "model": "golfcourses.holeteebox",
  "pk": 16,
  "fields": {
    "teeboxtype": "Ladies",
    "color": "Red",
    "length": 395,
    "hole": 5
  }
},
{
  "model": "golfcourses.holeteebox",
  "pk": 17,
  "fields": {
    "teeboxtype": "Championship",
    "color": "White",
    "length": 369,
    "hole": 6
  }
},
{
  "model": "golfcourses.holeteebox",
  "pk": 18,
  "fields": {
    "teeboxtype": "Men's",
    "color": "Yellow",
    "length": 355,
    "hole": 6
  }
},
{
  "model": "golfcourses.holeteebox",
  "pk": 19,
  "fields": {
    "teeboxtype": "Ladies",
    "color": "Red",
    "length": 338,
    "hole": 6
  }
},
{
  "model": "golfcourses.holeteebox",
  "pk": 20,
  "fields": {
    "teeboxtype": "Championship",
    "color": "White",
    "length": 135,
    "hole": 7
  }
},
{
  "model": "golfcourses.holeteebox",
  "pk": 21,
  "fields": {
    "teeboxtype": "Men's",
    "color": "Yellow",
    "length": 125,
    "hole": 7
  }
},
{
  "model": "golfcourses.holeteebox",
  "pk": 22,
  "fields": {
    "teeboxtype": "Ladies",
    "color": "Red",
    "length": 113,
    "hole": 7
  }
},
{
  "model": "golfcourses.holeteebox",
  "pk": 23,
  "fields": {
    "teeboxtype": "Championship",
    "color": "White",
    "length": 424,
    "hole": 8
  }
},
{
  "model": "golfcourses.holeteebox",
  "pk": 24,
  "fields": {
    "teeboxtype": "Men's",
    "color": "Yellow",
    "length": 414,
    "hole": 8
  }
},
{
  "model": "golfcourses.holeteebox",
  "pk": 25,
  "fields": {
    "teeboxtype": "Ladies",
    "color": "Red",
    "length": 405,
    "hole": 8
  }
},
{
  "model": "golfcourses.holeteebox",
  "pk": 26,
  "fields": {
    "teeboxtype": "Championship",
    "color": "White",
    "length": 427,
    "hole": 9
  }
},
{
  "model": "golfcourses.holeteebox",
  "pk": 27,
  "fields": {
    "teeboxtype": "Men's",
    "color": "Yellow",
    "length": 427,
    "hole": 9
  }
},
{
  "model": "golfcourses.holeteebox",
  "pk": 28,
  "fields": {
    "teeboxtype": "Ladies",
    "color": "Red",
    "length": 429,
    "hole": 9
  }
},
{
  "model": "golfcourses.holeteebox",
  "pk": 29,
  "fields": {
    "teeboxtype": "Championship",
    "color": "White",
    "length": 188,
    "hole": 10
  }
},
{
  "model": "golfcourses.holeteebox",
  "pk": 30,
  "fields": {
    "teeboxtype": "Men's",
    "color": "Yellow",
    "length": 180,
    "hole": 10
  }
},
{
  "model": "golfcourses.holeteebox",
  "pk": 31,
  "fields": {
    "teeboxtype": "Ladies",
    "color": "Red",
    "length": 172,
    "hole": 10
  }
},
{
  "model": "golfcourses.holeteebox",
  "pk": 32,
  "fields": {
    "teeboxtype": "Championship",
    "color": "White",
    "length": 430,
    "hole": 11
  }
},
{
  "model": "golfcourses.holeteebox",
  "pk": 33,
  "fields": {
    "teeboxtype": "Men's",
    "color": "Yellow",
    "length": 430,
    "hole": 11
  }
},
{
  "model": "golfcourses.holeteebox",
  "pk": 34,
  "fields": {
    "teeboxtype": "Ladies",
    "color": "Red",
    "length": 389,
    "hole": 11
  }
},
{
  "model": "golfcourses.holeteebox",
  "pk": 35,
  "fields": {
    "teeboxtype": "Championship",
    "color": "White",
    "length": 478,
    "hole": 12
  }
},
{
  "model": "golfcourses.holeteebox",
  "pk": 36,
  "fields": {
    "teeboxtype": "Men's",
    "color": "Yellow",
    "length": 469,
    "hole": 12
  }
},
{
  "model": "golfcourses.holeteebox",
  "pk": 37,
  "fields": {
    "teeboxtype": "Ladies",
    "color": "Red",
    "length": 455,
    "hole": 12
  }
},
{
  "model": "golfcourses.holeteebox",
  "pk": 38,
  "fields": {
    "teeboxtype": "Championship",
    "color": "White",
    "length": 423,
    "hole": 13
  }
},
{
  "model": "golfcourses.holeteebox",
  "pk": 39,
  "fields": {
    "teeboxtype": "Men's",
    "color": "Yellow",
    "length": 423,
    "hole": 13
  }
},
{
  "model": "golfcourses.holeteebox",
  "pk": 40,
  "fields": {
    "teeboxtype": "Ladies",
    "color": "Red",
    "length": 409,
    "hole": 13
  }
},
{
  "model": "golfcourses.holeteebox",
  "pk": 41,
  "fields": {
    "teeboxtype": "Championship",
    "color": "White",
    "length": 202,
    "hole": 14
  }
},
{
  "model": "golfcourses.holeteebox",
  "pk": 42,
  "fields": {
    "teeboxtype": "Men's",
    "color": "Yellow",
    "length": 202,
    "hole": 14
  }
},
{
  "model": "golfcourses.holeteebox",
  "pk": 43,
  "fields": {
    "teeboxtype": "Ladies",
    "color": "Red",
    "length": 195,
    "hole": 14
  }
},
{
  "model": "golfcourses.holeteebox",
  "pk": 44,
  "fields": {
    "teeboxtype": "Championship",
    "color": "White",
    "length": 454,
    "hole": 15
  }
},
{
  "model": "golfcourses.holeteebox",
  "pk": 45,
  "fields": {
    "teeboxtype": "Men's",
    "color": "Yellow",
    "length": 454,
    "hole": 15
  }
},
{
  "model": "golfcourses.holeteebox",
  "pk": 46,
  "fields": {
    "teeboxtype": "Ladies",
    "color": "Red",
    "length": 410,
    "hole": 15
  }
},
{
  "model": "golfcourses.holeteebox",
  "pk": 47,
  "fields": {
    "teeboxtype": "Championship",
    "color": "White",
    "length": 318,
    "hole": 16
  }
},
{
  "model": "golfcourses.holeteebox",
  "pk": 48,
  "fields": {
    "teeboxtype": "Men's",
    "color": "Yellow",
    "length": 300,
    "hole": 16
  }
},
{
  "model": "golfcourses.holeteebox",
  "pk": 49,
  "fields": {
    "teeboxtype": "Ladies",
    "color": "Red",
    "length": 276,
    "hole": 16
  }
},
{
  "model": "golfcourses.holeteebox",
  "pk": 50,
  "fields": {
    "teeboxtype": "Championship",
    "color": "White",
    "length": 416,
    "hole": 17
  }
},
{
  "model": "golfcourses.holeteebox",
  "pk": 51,
  "fields": {
    "teeboxtype": "Men's",
    "color": "Yellow",
    "length": 402,
    "hole": 17
  }
},
{
  "model": "golfcourses.holeteebox",
  "pk": 52,
  "fields": {
    "teeboxtype": "Ladies",
    "color": "Red",
    "length": 374,
    "hole": 17
  }
},
{
  "model": "golfcourses.holeteebox",
  "pk": 53,
  "fields": {
    "teeboxtype": "Championship",
    "color": "White",
    "length": 548,
    "hole": 18
  }
},
{
  "model": "golfcourses.holeteebox",
  "pk": 54,
  "fields": {
    "teeboxtype": "Men's",
    "color": "Yellow",
    "length": 528,
    "hole": 18
  }
},
{
  "model": "golfcourses.holeteebox",
  "pk": 55,
  "fields": {
    "teeboxtype": "Ladies",
    "color": "Red",
    "length": 480,
    "hole": 18
  }
},
{
  "model": "golfcourses.holeteebox",
  "pk": 56,
  "fields": {
    "teeboxtype": "Championship",
    "color": "Black",
    "length": 376,
    "hole": 19
  }
},
{
  "model": "golfcourses.holeteebox",
  "pk": 57,
  "fields": {
    "teeboxtype": "Men's",
    "color": "Blue",
    "length": 355,
    "hole": 19
  }
},
{
  "model": "golfcourses.holeteebox",
  "pk": 58,
  "fields": {
    "teeboxtype": "Ladies",
    "color": "Green",
    "length": 339,
    "hole": 19
  }
},
{
  "model": "golfcourses.holeteebox",
  "pk": 59,
  "fields": {
    "teeboxtype": "Championship",
    "color": "Black",
    "length": 411,
    "hole": 20
  }
},
{
  "model": "golfcourses.holeteebox",
  "pk": 60,
  "fields": {
    "teeboxtype": "Men's",
    "color": "Blue",
    "length": 395,
    "hole": 20
  }
},
{
  "model": "golfcourses.holeteebox",
  "pk": 61,
  "fields": {
    "teeboxtype": "Ladies",
    "color": "Green",
    "length": 375,
    "hole": 20
  }
},
{
  "model": "golfcourses.holeteebox",
  "pk": 62,
  "fields": {
    "teeboxtype": "Championship",
    "color": "Black",
    "length": 370,
    "hole": 21
  }
},
{
  "model": "golfcourses.holeteebox",
  "pk": 63,
  "fields": {
    "teeboxtype": "Men's",
    "color": "Blue",
    "length": 337,
    "hole": 21
  }
},
{
  "model": "golfcourses.holeteebox",
  "pk": 64,
  "fields": {
    "teeboxtype": "Ladies",
    "color": "Green",
    "length": 321,
    "hole": 21
  }
},
{
  "model": "golfcourses.holeteebox",
  "pk": 65,
  "fields": {
    "teeboxtype": "Championship",
    "color": "Black",
    "length": 419,
    "hole": 22
  }
},
{
  "model": "golfcourses.holeteebox",
  "pk": 66,
  "fields": {
    "teeboxtype": "Men's",
    "color": "Blue",
    "length": 411,
    "hole": 22
  }
},
{
  "model": "golfcourses.holeteebox",
  "pk": 67,
  "fields": {
    "teeboxtype": "Ladies",
    "color": "Green",
    "length": 401,
    "hole": 22
  }
},
{
  "model": "golfcourses.holeteebox",
  "pk": 68,
  "fields": {
    "teeboxtype": "Championship",
    "color": "Black",
    "length": 514,
    "hole": 23
  }
},
{
  "model": "golfcourses.holeteebox",
  "pk": 69,
  "fields": {
    "teeboxtype": "Men's",
    "color": "Blue",
    "length": 514,
    "hole": 23
  }
},
{
  "model": "golfcourses.holeteebox",
  "pk": 70,
  "fields": {
    "teeboxtype": "Ladies",
    "color": "Green",
    "length": 454,
    "hole": 23
  }
},
{
  "model": "golfcourses.holeteebox",
  "pk": 71,
  "fields": {
    "teeboxtype": "Championship",
    "color": "Black",
    "length": 374,
    "hole": 24
  }
},
{
  "model": "golfcourses.holeteebox",
  "pk": 72,
  "fields": {
    "teeboxtype": "Men's",
    "color": "Blue",
    "length": 360,
    "hole": 24
  }
},
{
  "model": "golfcourses.holeteebox",
  "pk": 73,
  "fields": {
    "teeboxtype": "Ladies",
    "color": "Green",
    "length": 325,
    "hole": 24
  }
},
{
  "model": "golfcourses.holeteebox",
  "pk": 74,
  "fields": {
    "teeboxtype": "Championship",
    "color": "Black",
    "length": 359,
    "hole": 25
  }
},
{
  "model": "golfcourses.holeteebox",
  "pk": 75,
  "fields": {
    "teeboxtype": "Men's",
    "color": "Blue",
    "length": 349,
    "hole": 25
  }
},
{
  "model": "golfcourses.holeteebox",
  "pk": 76,
  "fields": {
    "teeboxtype": "Ladies",
    "color": "Green",
    "length": 335,
    "hole": 25
  }
},
{
  "model": "golfcourses.holeteebox",
  "pk": 77,
  "fields": {
    "teeboxtype": "Championship",
    "color": "Black",
    "length": 166,
    "hole": 26
  }
},
{
  "model": "golfcourses.holeteebox",
  "pk": 78,
  "fields": {
    "teeboxtype": "Men's",
    "color": "Blue",
    "length": 154,
    "hole": 26
  }
},
{
  "model": "golfcourses.holeteebox",
  "pk": 79,
  "fields": {
    "teeboxtype": "Ladies",
    "color": "Green",
    "length": 145,
    "hole": 26
  }
},
{
  "model": "golfcourses.holeteebox",
  "pk": 80,
  "fields": {
    "teeboxtype": "Championship",
    "color": "Black",
    "length": 347,
    "hole": 27
  }
},
{
  "model": "golfcourses.holeteebox",
  "pk": 81,
  "fields": {
    "teeboxtype": "Men's",
    "color": "Blue",
    "length": 289,
    "hole": 27
  }
},
{
  "model": "golfcourses.holeteebox",
  "pk": 82,
  "fields": {
    "teeboxtype": "Ladies",
    "color": "Green",
    "length": 261,
    "hole": 27
  }
},
{
  "model": "golfcourses.holeteebox",
  "pk": 83,
  "fields": {
    "teeboxtype": "Championship",
    "color": "Black",
    "length": 340,
    "hole": 28
  }
},
{
  "model": "golfcourses.holeteebox",
  "pk": 84,
  "fields": {
    "teeboxtype": "Men's",
    "color": "Blue",
    "length": 311,
    "hole": 28
  }
},
{
  "model": "golfcourses.holeteebox",
  "pk": 85,
  "fields": {
    "teeboxtype": "Ladies",
    "color": "Green",
    "length": 296,
    "hole": 28
  }
},
{
  "model": "golfcourses.holeteebox",
  "pk": 86,
  "fields": {
    "teeboxtype": "Championship",
    "color": "Black",
    "length": 174,
    "hole": 29
  }
},
{
  "model": "golfcourses.holeteebox",
  "pk": 87,
  "fields": {
    "teeboxtype": "Men's",
    "color": "Blue",
    "length": 164,
    "hole": 29
  }
},
{
  "model": "golfcourses.holeteebox",
  "pk": 88,
  "fields": {
    "teeboxtype": "Ladies",
    "color": "Green",
    "length": 150,
    "hole": 29
  }
},
{
  "model": "golfcourses.holeteebox",
  "pk": 89,
  "fields": {
    "teeboxtype": "Championship",
    "color": "Black",
    "length": 316,
    "hole": 30
  }
},
{
  "model": "golfcourses.holeteebox",
  "pk": 90,
  "fields": {
    "teeboxtype": "Men's",
    "color": "Blue",
    "length": 304,
    "hole": 30
  }
},
{
  "model": "golfcourses.holeteebox",
  "pk": 91,
  "fields": {
    "teeboxtype": "Ladies",
    "color": "Green",
    "length": 304,
    "hole": 30
  }
},
{
  "model": "golfcourses.holeteebox",
  "pk": 92,
  "fields": {
    "teeboxtype": "Championship",
    "color": "Black",
    "length": 418,
    "hole": 31
  }
},
{
  "model": "golfcourses.holeteebox",
  "pk": 93,
  "fields": {
    "teeboxtype": "Men's",
    "color": "Blue",
    "length": 388,
    "hole": 31
  }
},
{
  "model": "golfcourses.holeteebox",
  "pk": 94,
  "fields": {
    "teeboxtype": "Ladies",
    "color": "Green",
    "length": 377,
    "hole": 31
  }
},
{
  "model": "golfcourses.holeteebox",
  "pk": 95,
  "fields": {
    "teeboxtype": "Championship",
    "color": "Black",
    "length": 530,
    "hole": 32
  }
},
{
  "model": "golfcourses.holeteebox",
  "pk": 96,
  "fields": {
    "teeboxtype": "Men's",
    "color": "Blue",
    "length": 523,
    "hole": 32
  }
},
{
  "model": "golfcourses.holeteebox",
  "pk": 97,
  "fields": {
    "teeboxtype": "Ladies",
    "color": "Green",
    "length": 487,
    "hole": 32
  }
},
{
  "model": "golfcourses.holeteebox",
  "pk": 98,
  "fields": {
    "teeboxtype": "Championship",
    "color": "Black",
    "length": 414,
    "hole": 33
  }
},
{
  "model": "golfcourses.holeteebox",
  "pk": 99,
  "fields": {
    "teeboxtype": "Men's",
    "color": "Blue",
    "length": 391,
    "hole": 33
  }
},
{
  "model": "golfcourses.holeteebox",
  "pk": 100,
  "fields": {
    "teeboxtype": "Ladies",
    "color": "Green",
    "length": 369,
    "hole": 33
  }
},
{
  "model": "golfcourses.holeteebox",
  "pk": 101,
  "fields": {
    "teeboxtype": "Championship",
    "color": "Black",
    "length": 381,
    "hole": 34
  }
},
{
  "model": "golfcourses.holeteebox",
  "pk": 102,
  "fields": {
    "teeboxtype": "Men's",
    "color": "Blue",
    "length": 345,
    "hole": 34
  }
},
{
  "model": "golfcourses.holeteebox",
  "pk": 103,
  "fields": {
    "teeboxtype": "Ladies",
    "color": "Green",
    "length": 325,
    "hole": 34
  }
},
{
  "model": "golfcourses.holeteebox",
  "pk": 104,
  "fields": {
    "teeboxtype": "Championship",
    "color": "Black",
    "length": 455,
    "hole": 35
  }
},
{
  "model": "golfcourses.holeteebox",
  "pk": 105,
  "fields": {
    "teeboxtype": "Men's",
    "color": "Blue",
    "length": 436,
    "hole": 35
  }
},
{
  "model": "golfcourses.holeteebox",
  "pk": 106,
  "fields": {
    "teeboxtype": "Ladies",
    "color": "Green",
    "length": 426,
    "hole": 35
  }
},
{
  "model": "golfcourses.holeteebox",
  "pk": 107,
  "fields": {
    "teeboxtype": "Championship",
    "color": "Black",
    "length": 357,
    "hole": 36
  }
},
{
  "model": "golfcourses.holeteebox",
  "pk": 108,
  "fields": {
    "teeboxtype": "Men's",
    "color": "Blue",
    "length": 361,
    "hole": 36
  }
},
{
  "model": "golfcourses.holeteebox",
  "pk": 109,
  "fields": {
    "teeboxtype": "Ladies",
    "color": "Green",
    "length": 342,
    "hole": 36
  }
},
{
  "model": "golfcourses.holeteebox",
  "pk": 110,
  "fields": {
    "teeboxtype": "Championship",
    "color": "White",
    "length": 402,
    "hole": 37
  }
},
{
  "model": "golfcourses.holeteebox",
  "pk": 111,
  "fields": {
    "teeboxtype": "Men's",
    "color": "Yellow",
    "length": 369,
    "hole": 37
  }
},
{
  "model": "golfcourses.holeteebox",
  "pk": 112,
  "fields": {
    "teeboxtype": "Ladies",
    "color": "Red",
    "length": 312,
    "hole": 37
  }
},
{
  "model": "golfcourses.holeteebox",
  "pk": 113,
  "fields": {
    "teeboxtype": "Championship",
    "color": "White",
    "length": 375,
    "hole": 38
  }
},
{
  "model": "golfcourses.holeteebox",
  "pk": 114,
  "fields": {
    "teeboxtype": "Men's",
    "color": "Yellow",
    "length": 360,
    "hole": 38
  }
},
{
  "model": "golfcourses.holeteebox",
  "pk": 115,
  "fields": {
    "teeboxtype": "Ladies",
    "color": "Red",
    "length": 330,
    "hole": 38
  }
},
{
  "model": "golfcourses.holeteebox",
  "pk": 116,
  "fields": {
    "teeboxtype": "Championship",
    "color": "White",
    "length": 390,
    "hole": 39
  }
},
{
  "model": "golfcourses.holeteebox",
  "pk": 117,
  "fields": {
    "teeboxtype": "Mens",
    "color": "Yellow",
    "length": 382,
    "hole": 39
  }
},
{
  "model": "golfcourses.holeteebox",
  "pk": 118,
  "fields": {
    "teeboxtype": "Ladies",
    "color": "Red",
    "length": 374,
    "hole": 39
  }
},
{
  "model": "golfcourses.holeteebox",
  "pk": 119,
  "fields": {
    "teeboxtype": "Championship",
    "color": "White",
    "length": 189,
    "hole": 40
  }
},
{
  "model": "golfcourses.holeteebox",
  "pk": 120,
  "fields": {
    "teeboxtype": "Men's",
    "color": "Yellow",
    "length": 179,
    "hole": 40
  }
},
{
  "model": "golfcourses.holeteebox",
  "pk": 121,
  "fields": {
    "teeboxtype": "Ladies",
    "color": "Red",
    "length": 143,
    "hole": 40
  }
},
{
  "model": "golfcourses.holeteebox",
  "pk": 122,
  "fields": {
    "teeboxtype": "Championship",
    "color": "White",
    "length": 501,
    "hole": 41
  }
},
{
  "model": "golfcourses.holeteebox",
  "pk": 123,
  "fields": {
    "teeboxtype": "Men's",
    "color": "White",
    "length": 483,
    "hole": 41
  }
},
{
  "model": "golfcourses.holeteebox",
  "pk": 124,
  "fields": {
    "teeboxtype": "Ladies",
    "color": "Red",
    "length": 413,
    "hole": 41
  }
},
{
  "model": "golfcourses.holeteebox",
  "pk": 125,
  "fields": {
    "teeboxtype": "Championship",
    "color": "White",
    "length": 138,
    "hole": 42
  }
},
{
  "model": "golfcourses.holeteebox",
  "pk": 126,
  "fields": {
    "teeboxtype": "Men's",
    "color": "Yellow",
    "length": 128,
    "hole": 42
  }
},
{
  "model": "golfcourses.holeteebox",
  "pk": 127,
  "fields": {
    "teeboxtype": "Ladies",
    "color": "Red",
    "length": 103,
    "hole": 42
  }
},
{
  "model": "golfcourses.holeteebox",
  "pk": 128,
  "fields": {
    "teeboxtype": "Championship",
    "color": "White",
    "length": 491,
    "hole": 43
  }
},
{
  "model": "golfcourses.holeteebox",
  "pk": 129,
  "fields": {
    "teeboxtype": "Men's",
    "color": "Yellow",
    "length": 478,
    "hole": 43
  }
},
{
  "model": "golfcourses.holeteebox",
  "pk": 130,
  "fields": {
    "teeboxtype": "Ladies",
    "color": "Red",
    "length": 420,
    "hole": 43
  }
},
{
  "model": "golfcourses.holeteebox",
  "pk": 131,
  "fields": {
    "teeboxtype": "Championship",
    "color": "White",
    "length": 429,
    "hole": 44
  }
},
{
  "model": "golfcourses.holeteebox",
  "pk": 132,
  "fields": {
    "teeboxtype": "Men's",
    "color": "Yellow",
    "length": 365,
    "hole": 44
  }
},
{
  "model": "golfcourses.holeteebox",
  "pk": 133,
  "fields": {
    "teeboxtype": "Ladies",
    "color": "Red",
    "length": 388,
    "hole": 44
  }
},
{
  "model": "golfcourses.holeteebox",
  "pk": 134,
  "fields": {
    "teeboxtype": "Championship",
    "color": "White",
    "length": 187,
    "hole": 45
  }
},
{
  "model": "golfcourses.holeteebox",
  "pk": 135,
  "fields": {
    "teeboxtype": "Men's",
    "color": "Yellow",
    "length": 168,
    "hole": 45
  }
},
{
  "model": "golfcourses.holeteebox",
  "pk": 136,
  "fields": {
    "teeboxtype": "Ladies",
    "color": "Red",
    "length": 143,
    "hole": 45
  }
},
{
  "model": "golfcourses.holeteebox",
  "pk": 137,
  "fields": {
    "teeboxtype": "Championship",
    "color": "White",
    "length": 496,
    "hole": 46
  }
},
{
  "model": "golfcourses.holeteebox",
  "pk": 138,
  "fields": {
    "teeboxtype": "Men's",
    "color": "Yellow",
    "length": 487,
    "hole": 46
  }
},
{
  "model": "golfcourses.holeteebox",
  "pk": 139,
  "fields": {
    "teeboxtype": "Ladies",
    "color": "Red",
    "length": 371,
    "hole": 46
  }
},
{
  "model": "golfcourses.holeteebox",
  "pk": 140,
  "fields": {
    "teeboxtype": "Championship",
    "color": "White",
    "length": 178,
    "hole": 47
  }
},
{
  "model": "golfcourses.holeteebox",
  "pk": 141,
  "fields": {
    "teeboxtype": "Men's",
    "color": "Yellow",
    "length": 146,
    "hole": 47
  }
},
{
  "model": "golfcourses.holeteebox",
  "pk": 142,
  "fields": {
    "teeboxtype": "Ladies",
    "color": "Red",
    "length": 115,
    "hole": 47
  }
},
{
  "model": "golfcourses.holeteebox",
  "pk": 143,
  "fields": {
    "teeboxtype": "Championship",
    "color": "White",
    "length": 388,
    "hole": 48
  }
},
{
  "model": "golfcourses.holeteebox",
  "pk": 144,
  "fields": {
    "teeboxtype": "Men's",
    "color": "Yellow",
    "length": 383,
    "hole": 48
  }
},
{
  "model": "golfcourses.holeteebox",
  "pk": 145,
  "fields": {
    "teeboxtype": "Ladies",
    "color": "Red",
    "length": 356,
    "hole": 48
  }
},
{
  "model": "golfcourses.holeteebox",
  "pk": 146,
  "fields": {
    "teeboxtype": "Championship",
    "color": "White",
    "length": 380,
    "hole": 49
  }
},
{
  "model": "golfcourses.holeteebox",
  "pk": 147,
  "fields": {
    "teeboxtype": "Men's",
    "color": "Yellow",
    "length": 344,
    "hole": 49
  }
},
{
  "model": "golfcourses.holeteebox",
  "pk": 148,
  "fields": {
    "teeboxtype": "Ladies",
    "color": "Red",
    "length": 331,
    "hole": 49
  }
},
{
  "model": "golfcourses.holeteebox",
  "pk": 149,
  "fields": {
    "teeboxtype": "Championship",
    "color": "White",
    "length": 498,
    "hole": 50
  }
},
{
  "model": "golfcourses.holeteebox",
  "pk": 150,
  "fields": {
    "teeboxtype": "Men's",
    "color": "Yellow",
    "length": 487,
    "hole": 50
  }
},
{
  "model": "golfcourses.holeteebox",
  "pk": 151,
  "fields": {
    "teeboxtype": "Ladies",
    "color": "Red",
    "length": 409,
    "hole": 50
  }
},
{
  "model": "golfcourses.holeteebox",
  "pk": 152,
  "fields": {
    "teeboxtype": "Championship",
    "color": "White",
    "length": 183,
    "hole": 51
  }
},
{
  "model": "golfcourses.holeteebox",
  "pk": 153,
  "fields": {
    "teeboxtype": "Men's",
    "color": "Yellow",
    "length": 167,
    "hole": 51
  }
},
{
  "model": "golfcourses.holeteebox",
  "pk": 154,
  "fields": {
    "teeboxtype": "Ladies",
    "color": "Red",
    "length": 107,
    "hole": 51
  }
},
{
  "model": "golfcourses.holeteebox",
  "pk": 155,
  "fields": {
    "teeboxtype": "Championship",
    "color": "White",
    "length": 420,
    "hole": 52
  }
},
{
  "model": "golfcourses.holeteebox",
  "pk": 156,
  "fields": {
    "teeboxtype": "Men's",
    "color": "Yellow",
    "length": 381,
    "hole": 52
  }
},
{
  "model": "golfcourses.holeteebox",
  "pk": 157,
  "fields": {
    "teeboxtype": "Ladies",
    "color": "Red",
    "length": 375,
    "hole": 52
  }
},
{
  "model": "golfcourses.holeteebox",
  "pk": 158,
  "fields": {
    "teeboxtype": "Championship",
    "color": "White",
    "length": 449,
    "hole": 53
  }
},
{
  "model": "golfcourses.holeteebox",
  "pk": 159,
  "fields": {
    "teeboxtype": "Men's",
    "color": "Yellow",
    "length": 387,
    "hole": 53
  }
},
{
  "model": "golfcourses.holeteebox",
  "pk": 160,
  "fields": {
    "teeboxtype": "Ladies",
    "color": "Red",
    "length": 350,
    "hole": 53
  }
},
{
  "model": "golfcourses.holeteebox",
  "pk": 161,
  "fields": {
    "teeboxtype": "Championship",
    "color": "White",
    "length": 417,
    "hole": 54
  }
},
{
  "model": "golfcourses.holeteebox",
  "pk": 162,
  "fields": {
    "teeboxtype": "Men's",
    "color": "Yellow",
    "length": 400,
    "hole": 54
  }
},
{
  "model": "golfcourses.holeteebox",
  "pk": 163,
  "fields": {
    "teeboxtype": "Ladies",
    "color": "Red",
    "length": 366,
    "hole": 54
  }
},
{
  "model": "golfcourses.holeteebox",
  "pk": 164,
  "fields": {
    "teeboxtype": "Championship",
    "color": "White",
    "length": 492,
    "hole": 55
  }
},
{
  "model": "golfcourses.holeteebox",
  "pk": 165,
  "fields": {
    "teeboxtype": "Men's",
    "color": "Yellow",
    "length": 477,
    "hole": 55
  }
},
{
  "model": "golfcourses.holeteebox",
  "pk": 166,
  "fields": {
    "teeboxtype": "Ladies",
    "color": "Red",
    "length": 465,
    "hole": 55
  }
},
{
  "model": "golfcourses.holeteebox",
  "pk": 167,
  "fields": {
    "teeboxtype": "Championship",
    "color": "White",
    "length": 470,
    "hole": 56
  }
},
{
  "model": "golfcourses.holeteebox",
  "pk": 168,
  "fields": {
    "teeboxtype": "Men's",
    "color": "Yellow",
    "length": 450,
    "hole": 56
  }
},
{
  "model": "golfcourses.holeteebox",
  "pk": 169,
  "fields": {
    "teeboxtype": "Ladies",
    "color": "Red",
    "length": 436,
    "hole": 56
  }
},
{
  "model": "golfcourses.holeteebox",
  "pk": 170,
  "fields": {
    "teeboxtype": "Championship",
    "color": "White",
    "length": 292,
    "hole": 57
  }
},
{
  "model": "golfcourses.holeteebox",
  "pk": 171,
  "fields": {
    "teeboxtype": "Men's",
    "color": "Yellow",
    "length": 278,
    "hole": 57
  }
},
{
  "model": "golfcourses.holeteebox",
  "pk": 172,
  "fields": {
    "teeboxtype": "Ladies",
    "color": "Red",
    "length": 268,
    "hole": 57
  }
},
{
  "model": "golfcourses.holeteebox",
  "pk": 173,
  "fields": {
    "teeboxtype": "Championship",
    "color": "White",
    "length": 157,
    "hole": 58
  }
},
{
  "model": "golfcourses.holeteebox",
  "pk": 174,
  "fields": {
    "teeboxtype": "Men's",
    "color": "Yellow",
    "length": 147,
    "hole": 58
  }
},
{
  "model": "golfcourses.holeteebox",
  "pk": 175,
  "fields": {
    "teeboxtype": "Ladies",
    "color": "Red",
    "length": 138,
    "hole": 58
  }
},
{
  "model": "golfcourses.holeteebox",
  "pk": 176,
  "fields": {
    "teeboxtype": "Championship",
    "color": "White",
    "length": 400,
    "hole": 59
  }
},
{
  "model": "golfcourses.holeteebox",
  "pk": 177,
  "fields": {
    "teeboxtype": "Men's",
    "color": "Yellow",
    "length": 375,
    "hole": 59
  }
},
{
  "model": "golfcourses.holeteebox",
  "pk": 178,
  "fields": {
    "teeboxtype": "Ladies",
    "color": "Red",
    "length": 371,
    "hole": 59
  }
},
{
  "model": "golfcourses.holeteebox",
  "pk": 179,
  "fields": {
    "teeboxtype": "Championship",
    "color": "White",
    "length": 386,
    "hole": 60
  }
},
{
  "model": "golfcourses.holeteebox",
  "pk": 180,
  "fields": {
    "teeboxtype": "Men's",
    "color": "Yellow",
    "length": 385,
    "hole": 60
  }
},
{
  "model": "golfcourses.holeteebox",
  "pk": 181,
  "fields": {
    "teeboxtype": "Ladies",
    "color": "Red",
    "length": 344,
    "hole": 60
  }
},
{
  "model": "golfcourses.holeteebox",
  "pk": 182,
  "fields": {
    "teeboxtype": "Championship",
    "color": "White",
    "length": 393,
    "hole": 61
  }
},
{
  "model": "golfcourses.holeteebox",
  "pk": 183,
  "fields": {
    "teeboxtype": "Men's",
    "color": "Yellow",
    "length": 379,
    "hole": 61
  }
},
{
  "model": "golfcourses.holeteebox",
  "pk": 184,
  "fields": {
    "teeboxtype": "Ladies",
    "color": "Red",
    "length": 375,
    "hole": 61
  }
},
{
  "model": "golfcourses.holeteebox",
  "pk": 185,
  "fields": {
    "teeboxtype": "Championship",
    "color": "White",
    "length": 179,
    "hole": 62
  }
},
{
  "model": "golfcourses.holeteebox",
  "pk": 186,
  "fields": {
    "teeboxtype": "Men's",
    "color": "Yellow",
    "length": 157,
    "hole": 62
  }
},
{
  "model": "golfcourses.holeteebox",
  "pk": 187,
  "fields": {
    "teeboxtype": "Ladies",
    "color": "Red",
    "length": 139,
    "hole": 62
  }
},
{
  "model": "golfcourses.holeteebox",
  "pk": 188,
  "fields": {
    "teeboxtype": "Championship",
    "color": "White",
    "length": 267,
    "hole": 63
  }
},
{
  "model": "golfcourses.holeteebox",
  "pk": 189,
  "fields": {
    "teeboxtype": "Men's",
    "color": "Yellow",
    "length": 251,
    "hole": 63
  }
},
{
  "model": "golfcourses.holeteebox",
  "pk": 190,
  "fields": {
    "teeboxtype": "Ladies",
    "color": "Red",
    "length": 243,
    "hole": 63
  }
},
{
  "model": "golfcourses.holeteebox",
  "pk": 191,
  "fields": {
    "teeboxtype": "Championship",
    "color": "White",
    "length": 467,
    "hole": 64
  }
},
{
  "model": "golfcourses.holeteebox",
  "pk": 192,
  "fields": {
    "teeboxtype": "Mens",
    "color": "Yellow",
    "length": 453,
    "hole": 64
  }
},
{
  "model": "golfcourses.holeteebox",
  "pk": 193,
  "fields": {
    "teeboxtype": "Ladies",
    "color": "Red",
    "length": 447,
    "hole": 64
  }
},
{
  "model": "golfcourses.holeteebox",
  "pk": 194,
  "fields": {
    "teeboxtype": "Championship",
    "color": "White",
    "length": 298,
    "hole": 65
  }
},
{
  "model": "golfcourses.holeteebox",
  "pk": 195,
  "fields": {
    "teeboxtype": "Men's",
    "color": "Yellow",
    "length": 288,
    "hole": 65
  }
},
{
  "model": "golfcourses.holeteebox",
  "pk": 196,
  "fields": {
    "teeboxtype": "Ladies",
    "color": "Red",
    "length": 245,
    "hole": 65
  }
},
{
  "model": "golfcourses.holeteebox",
  "pk": 197,
  "fields": {
    "teeboxtype": "Championship",
    "color": "White",
    "length": 416,
    "hole": 66
  }
},
{
  "model": "golfcourses.holeteebox",
  "pk": 198,
  "fields": {
    "teeboxtype": "Men's",
    "color": "Yellow",
    "length": 404,
    "hole": 66
  }
},
{
  "model": "golfcourses.holeteebox",
  "pk": 199,
  "fields": {
    "teeboxtype": "Ladies",
    "color": "Red",
    "length": 397,
    "hole": 66
  }
},
{
  "model": "golfcourses.holeteebox",
  "pk": 200,
  "fields": {
    "teeboxtype": "Championship",
    "color": "White",
    "length": 173,
    "hole": 67
  }
},
{
  "model": "golfcourses.holeteebox",
  "pk": 201,
  "fields": {
    "teeboxtype": "Men's",
    "color": "Yellow",
    "length": 153,
    "hole": 67
  }
},
{
  "model": "golfcourses.holeteebox",
  "pk": 202,
  "fields": {
    "teeboxtype": "Ladies",
    "color": "Red",
    "length": 162,
    "hole": 67
  }
},
{
  "model": "golfcourses.holeteebox",
  "pk": 203,
  "fields": {
    "teeboxtype": "Championship",
    "color": "White",
    "length": 477,
    "hole": 68
  }
},
{
  "model": "golfcourses.holeteebox",
  "pk": 204,
  "fields": {
    "teeboxtype": "Men",
    "color": "Yellow",
    "length": 475,
    "hole": 68
  }
},
{
  "model": "golfcourses.holeteebox",
  "pk": 205,
  "fields": {
    "teeboxtype": "Ladies",
    "color": "Red",
    "length": 469,
    "hole": 68
  }
},
{
  "model": "golfcourses.holeteebox",
  "pk": 206,
  "fields": {
    "teeboxtype": "Championship",
    "color": "White",
    "length": 222,
    "hole": 69
  }
},
{
  "model": "golfcourses.holeteebox",
  "pk": 207,
  "fields": {
    "teeboxtype": "Men's",
    "color": "Yellow",
    "length": 213,
    "hole": 69
  }
},
{
  "model": "golfcourses.holeteebox",
  "pk": 208,
  "fields": {
    "teeboxtype": "Ladies",
    "color": "Red",
    "length": 205,
    "hole": 69
  }
},
{
  "model": "golfcourses.holeteebox",
  "pk": 209,
  "fields": {
    "teeboxtype": "Championship",
    "color": "White",
    "length": 423,
    "hole": 70
  }
},
{
  "model": "golfcourses.holeteebox",
  "pk": 210,
  "fields": {
    "teeboxtype": "Men's",
    "color": "Yellow",
    "length": 408,
    "hole": 70
  }
},
{
  "model": "golfcourses.holeteebox",
  "pk": 211,
  "fields": {
    "teeboxtype": "Ladies",
    "color": "Red",
    "length": 365,
    "hole": 70
  }
},
{
  "model": "golfcourses.holeteebox",
  "pk": 212,
  "fields": {
    "teeboxtype": "Championship",
    "color": "White",
    "length": 417,
    "hole": 71
  }
},
{
  "model": "golfcourses.holeteebox",
  "pk": 213,
  "fields": {
    "teeboxtype": "Men's",
    "color": "Yellow",
    "length": 396,
    "hole": 71
  }
},
{
  "model": "golfcourses.holeteebox",
  "pk": 214,
  "fields": {
    "teeboxtype": "Ladies",
    "color": "Red",
    "length": 385,
    "hole": 71
  }
},
{
  "model": "golfcourses.holeteebox",
  "pk": 215,
  "fields": {
    "teeboxtype": "Championship",
    "color": "White",
    "length": 411,
    "hole": 72
  }
},
{
  "model": "golfcourses.holeteebox",
  "pk": 216,
  "fields": {
    "teeboxtype": "Men's",
    "color": "Yellow",
    "length": 399,
    "hole": 72
  }
},
{
  "model": "golfcourses.holeteebox",
  "pk": 217,
  "fields": {
    "teeboxtype": "Ladies",
    "color": "Red",
    "length": 393,
    "hole": 72
  }
}
]
